CodeISO3,TracesV3
"AFG","export-batch-2020-04-04T00:33:43.077777+02:00/lines-traces-afghanistan.json"
"ALB","export-batch-2020-04-04T00:33:43.077777+02:00/lines-traces-albania.json"
"DZA","export-batch-2020-04-04T00:33:43.077777+02:00/lines-traces-algeria.json"
"AGO","export-batch-2020-04-04T00:33:43.077777+02:00/lines-traces-angola.json"
"ATG","export-batch-2020-04-04T00:33:43.077777+02:00/lines-traces-antigua-and-barbuda.json"
"ARG","export-batch-2020-04-04T00:33:43.077777+02:00/lines-traces-argentina.json"
"ARM","export-batch-2020-04-04T00:33:43.077777+02:00/lines-traces-armenia.json"
"AUS","export-batch-2020-04-04T00:33:43.077777+02:00/lines-traces-australia.json"
"AUT","export-batch-2020-04-04T00:33:43.077777+02:00/lines-traces-austria.json"
"AZE","export-batch-2020-04-04T00:33:43.077777+02:00/lines-traces-azerbaijan.json"
"BGD","export-batch-2020-04-04T00:33:43.077777+02:00/lines-traces-bangladesh.json"
"BLR","export-batch-2020-04-04T00:33:43.077777+02:00/lines-traces-belarus.json"
"BEL","export-batch-2020-04-04T00:33:43.077777+02:00/lines-traces-belgium.json"
"BLZ","export-batch-2020-04-04T00:33:43.077777+02:00/lines-traces-belize.json"
"BEN","export-batch-2020-04-04T00:33:43.077777+02:00/lines-traces-benin.json"
"BTN","export-batch-2020-04-04T00:33:43.077777+02:00/lines-traces-bhutan.json"
"BOL","export-batch-2020-04-04T00:33:43.077777+02:00/lines-traces-bolivia.json"
"BIH","export-batch-2020-04-04T00:33:43.077777+02:00/lines-traces-bosnia-and-herzegovina.json"
"BRA","export-batch-2020-04-04T00:33:43.077777+02:00/lines-traces-brazil.json"
"BRN","export-batch-2020-04-04T00:33:43.077777+02:00/lines-traces-brunei.json"
"BGR","export-batch-2020-04-04T00:33:43.077777+02:00/lines-traces-bulgaria.json"
"BFA","export-batch-2020-04-04T00:33:43.077777+02:00/lines-traces-burkina-faso.json"
"KHM","export-batch-2020-04-04T00:33:43.077777+02:00/lines-traces-cambodia.json"
"CMR","export-batch-2020-04-04T00:33:43.077777+02:00/lines-traces-cameroon.json"
"CAN","export-batch-2020-04-04T00:33:43.077777+02:00/lines-traces-canada.json"
"TCD","export-batch-2020-04-04T00:33:43.077777+02:00/lines-traces-chad.json"
"CHL","export-batch-2020-04-04T00:33:43.077777+02:00/lines-traces-chile.json"
"CHN","export-batch-2020-04-04T00:33:43.077777+02:00/lines-traces-china.json"
"COL","export-batch-2020-04-04T00:33:43.077777+02:00/lines-traces-colombia.json"
"COD","export-batch-2020-04-04T00:33:43.077777+02:00/lines-traces-congo,-dem.-rep..json"
"COG","export-batch-2020-04-04T00:33:43.077777+02:00/lines-traces-congo,-rep..json"
"CRI","export-batch-2020-04-04T00:33:43.077777+02:00/lines-traces-costa-rica.json"
"CIV","export-batch-2020-04-04T00:33:43.077777+02:00/lines-traces-cote-d'ivoire.json"
"HRV","export-batch-2020-04-04T00:33:43.077777+02:00/lines-traces-croatia.json"
"CUB","export-batch-2020-04-04T00:33:43.077777+02:00/lines-traces-cuba.json"
"CYP","export-batch-2020-04-04T00:33:43.077777+02:00/lines-traces-cyprus.json"
"CZE","export-batch-2020-04-04T00:33:43.077777+02:00/lines-traces-czech-republic.json"
"DNK","export-batch-2020-04-04T00:33:43.077777+02:00/lines-traces-denmark.json"
"DOM","export-batch-2020-04-04T00:33:43.077777+02:00/lines-traces-dominican-republic.json"
"ECU","export-batch-2020-04-04T00:33:43.077777+02:00/lines-traces-ecuador.json"
"EGY","export-batch-2020-04-04T00:33:43.077777+02:00/lines-traces-egypt.json"
"undefined","export-batch-2020-04-04T00:33:43.077777+02:00/lines-traces-el-salvador.json"
"GNQ","export-batch-2020-04-04T00:33:43.077777+02:00/lines-traces-equatorial-guinea.json"
"ERI","export-batch-2020-04-04T00:33:43.077777+02:00/lines-traces-eritrea.json"
"EST","export-batch-2020-04-04T00:33:43.077777+02:00/lines-traces-estonia.json"
"ETH","export-batch-2020-04-04T00:33:43.077777+02:00/lines-traces-ethiopia.json"
"FJI","export-batch-2020-04-04T00:33:43.077777+02:00/lines-traces-fiji.json"
"FIN","export-batch-2020-04-04T00:33:43.077777+02:00/lines-traces-finland.json"
"FRA","export-batch-2020-04-04T00:33:43.077777+02:00/lines-traces-france.json"
"GAB","export-batch-2020-04-04T00:33:43.077777+02:00/lines-traces-gabon.json"
"GEO","export-batch-2020-04-04T00:33:43.077777+02:00/lines-traces-georgia.json"
"DEU","export-batch-2020-04-04T00:33:43.077777+02:00/lines-traces-germany.json"
"GHA","export-batch-2020-04-04T00:33:43.077777+02:00/lines-traces-ghana.json"
"GRC","export-batch-2020-04-04T00:33:43.077777+02:00/lines-traces-greece.json"
"GUM","export-batch-2020-04-04T00:33:43.077777+02:00/lines-traces-guam.json"
"GTM","export-batch-2020-04-04T00:33:43.077777+02:00/lines-traces-guatemala.json"
"GGY","export-batch-2020-04-04T00:33:43.077777+02:00/lines-traces-guernsey.json"
"GUY","export-batch-2020-04-04T00:33:43.077777+02:00/lines-traces-guyana.json"
"HTI","export-batch-2020-04-04T00:33:43.077777+02:00/lines-traces-haiti.json"
"HND","export-batch-2020-04-04T00:33:43.077777+02:00/lines-traces-honduras.json"
"HUN","export-batch-2020-04-04T00:33:43.077777+02:00/lines-traces-hungary.json"
"ISL","export-batch-2020-04-04T00:33:43.077777+02:00/lines-traces-iceland.json"
"IND","export-batch-2020-04-04T00:33:43.077777+02:00/lines-traces-india.json"
"IDN","export-batch-2020-04-04T00:33:43.077777+02:00/lines-traces-indonesia.json"
"IRN","export-batch-2020-04-04T00:33:43.077777+02:00/lines-traces-iran.json"
"IRQ","export-batch-2020-04-04T00:33:43.077777+02:00/lines-traces-iraq.json"
"IRL","export-batch-2020-04-04T00:33:43.077777+02:00/lines-traces-ireland.json"
"IMN","export-batch-2020-04-04T00:33:43.077777+02:00/lines-traces-isle-of-man.json"
"ISR","export-batch-2020-04-04T00:33:43.077777+02:00/lines-traces-israel.json"
"ITA","export-batch-2020-04-04T00:33:43.077777+02:00/lines-traces-italy.json"
"JAM","export-batch-2020-04-04T00:33:43.077777+02:00/lines-traces-jamaica.json"
"JPN","export-batch-2020-04-04T00:33:43.077777+02:00/lines-traces-japan.json"
"JOR","export-batch-2020-04-04T00:33:43.077777+02:00/lines-traces-jordan.json"
"KAZ","export-batch-2020-04-04T00:33:43.077777+02:00/lines-traces-kazakhstan.json"
"KEN","export-batch-2020-04-04T00:33:43.077777+02:00/lines-traces-kenya.json"
"RKS","export-batch-2020-04-04T00:33:43.077777+02:00/lines-traces-kosovo.json"
"KWT","export-batch-2020-04-04T00:33:43.077777+02:00/lines-traces-kuwait.json"
"KGZ","export-batch-2020-04-04T00:33:43.077777+02:00/lines-traces-kyrgyzstan.json"
"LVA","export-batch-2020-04-04T00:33:43.077777+02:00/lines-traces-latvia.json"
"LBN","export-batch-2020-04-04T00:33:43.077777+02:00/lines-traces-lebanon.json"
"LBR","export-batch-2020-04-04T00:33:43.077777+02:00/lines-traces-liberia.json"
"LTU","export-batch-2020-04-04T00:33:43.077777+02:00/lines-traces-lithuania.json"
"LUX","export-batch-2020-04-04T00:33:43.077777+02:00/lines-traces-luxembourg.json"
"MKD","export-batch-2020-04-04T00:33:43.077777+02:00/lines-traces-macedonia.json"
"MDG","export-batch-2020-04-04T00:33:43.077777+02:00/lines-traces-madagascar.json"
"MYS","export-batch-2020-04-04T00:33:43.077777+02:00/lines-traces-malaysia.json"
"MDV","export-batch-2020-04-04T00:33:43.077777+02:00/lines-traces-maldives.json"
"MLT","export-batch-2020-04-04T00:33:43.077777+02:00/lines-traces-malta.json"
"MRT","export-batch-2020-04-04T00:33:43.077777+02:00/lines-traces-mauritania.json"
"MUS","export-batch-2020-04-04T00:33:43.077777+02:00/lines-traces-mauritius.json"
"MEX","export-batch-2020-04-04T00:33:43.077777+02:00/lines-traces-mexico.json"
"MDA","export-batch-2020-04-04T00:33:43.077777+02:00/lines-traces-moldova.json"
"MCO","export-batch-2020-04-04T00:33:43.077777+02:00/lines-traces-monaco.json"
"MNG","export-batch-2020-04-04T00:33:43.077777+02:00/lines-traces-mongolia.json"
"MNE","export-batch-2020-04-04T00:33:43.077777+02:00/lines-traces-montenegro.json"
"MAR","export-batch-2020-04-04T00:33:43.077777+02:00/lines-traces-morocco.json"
"NAM","export-batch-2020-04-04T00:33:43.077777+02:00/lines-traces-namibia.json"
"NPL","export-batch-2020-04-04T00:33:43.077777+02:00/lines-traces-nepal.json"
"NLD","export-batch-2020-04-04T00:33:43.077777+02:00/lines-traces-netherlands.json"
"NZL","export-batch-2020-04-04T00:33:43.077777+02:00/lines-traces-new-zealand.json"
"NIC","export-batch-2020-04-04T00:33:43.077777+02:00/lines-traces-nicaragua.json"
"NER","export-batch-2020-04-04T00:33:43.077777+02:00/lines-traces-niger.json"
"NGA","export-batch-2020-04-04T00:33:43.077777+02:00/lines-traces-nigeria.json"
"MNP","export-batch-2020-04-04T00:33:43.077777+02:00/lines-traces-northern-mariana-islands.json"
"NOR","export-batch-2020-04-04T00:33:43.077777+02:00/lines-traces-norway.json"
"OMN","export-batch-2020-04-04T00:33:43.077777+02:00/lines-traces-oman.json"
"PAK","export-batch-2020-04-04T00:33:43.077777+02:00/lines-traces-pakistan.json"
"PAN","export-batch-2020-04-04T00:33:43.077777+02:00/lines-traces-panama.json"
"PNG","export-batch-2020-04-04T00:33:43.077777+02:00/lines-traces-papua-new-guinea.json"
"PRY","export-batch-2020-04-04T00:33:43.077777+02:00/lines-traces-paraguay.json"
"PER","export-batch-2020-04-04T00:33:43.077777+02:00/lines-traces-peru.json"
"PHL","export-batch-2020-04-04T00:33:43.077777+02:00/lines-traces-philippines.json"
"POL","export-batch-2020-04-04T00:33:43.077777+02:00/lines-traces-poland.json"
"PRT","export-batch-2020-04-04T00:33:43.077777+02:00/lines-traces-portugal.json"
"PRI","export-batch-2020-04-04T00:33:43.077777+02:00/lines-traces-puerto-rico.json"
"QAT","export-batch-2020-04-04T00:33:43.077777+02:00/lines-traces-qatar.json"
"ROU","export-batch-2020-04-04T00:33:43.077777+02:00/lines-traces-romania.json"
"RUS","export-batch-2020-04-04T00:33:43.077777+02:00/lines-traces-russia.json"
"RWA","export-batch-2020-04-04T00:33:43.077777+02:00/lines-traces-rwanda.json"
"SAU","export-batch-2020-04-04T00:33:43.077777+02:00/lines-traces-saudi-arabia.json"
"SEN","export-batch-2020-04-04T00:33:43.077777+02:00/lines-traces-senegal.json"
"SRB","export-batch-2020-04-04T00:33:43.077777+02:00/lines-traces-serbia.json"
"SYC","export-batch-2020-04-04T00:33:43.077777+02:00/lines-traces-seychelles.json"
"SGP","export-batch-2020-04-04T00:33:43.077777+02:00/lines-traces-singapore.json"
"SVK","export-batch-2020-04-04T00:33:43.077777+02:00/lines-traces-slovak-republic.json"
"SVN","export-batch-2020-04-04T00:33:43.077777+02:00/lines-traces-slovenia.json"
"SOM","export-batch-2020-04-04T00:33:43.077777+02:00/lines-traces-somalia.json"
"ZAF","export-batch-2020-04-04T00:33:43.077777+02:00/lines-traces-south-africa.json"
"KOR","export-batch-2020-04-04T00:33:43.077777+02:00/lines-traces-south-korea.json"
"ESP","export-batch-2020-04-04T00:33:43.077777+02:00/lines-traces-spain.json"
"LKA","export-batch-2020-04-04T00:33:43.077777+02:00/lines-traces-sri-lanka.json"
"SDN","export-batch-2020-04-04T00:33:43.077777+02:00/lines-traces-sudan.json"
"SUR","export-batch-2020-04-04T00:33:43.077777+02:00/lines-traces-suriname.json"
"SWE","export-batch-2020-04-04T00:33:43.077777+02:00/lines-traces-sweden.json"
"CHE","export-batch-2020-04-04T00:33:43.077777+02:00/lines-traces-switzerland.json"
"TZA","export-batch-2020-04-04T00:33:43.077777+02:00/lines-traces-tanzania.json"
"THA","export-batch-2020-04-04T00:33:43.077777+02:00/lines-traces-thailand.json"
"TGO","export-batch-2020-04-04T00:33:43.077777+02:00/lines-traces-togo.json"
"TTO","export-batch-2020-04-04T00:33:43.077777+02:00/lines-traces-trinidad-and-tobago.json"
"TUN","export-batch-2020-04-04T00:33:43.077777+02:00/lines-traces-tunisia.json"
"TUR","export-batch-2020-04-04T00:33:43.077777+02:00/lines-traces-turkey.json"
"UGA","export-batch-2020-04-04T00:33:43.077777+02:00/lines-traces-uganda.json"
"UKR","export-batch-2020-04-04T00:33:43.077777+02:00/lines-traces-ukraine.json"
"ARE","export-batch-2020-04-04T00:33:43.077777+02:00/lines-traces-united-arab-emirates.json"
"GBR","export-batch-2020-04-04T00:33:43.077777+02:00/lines-traces-united-kingdom.json"
"USA","export-batch-2020-04-04T00:33:43.077777+02:00/lines-traces-united-states.json"
"URY","export-batch-2020-04-04T00:33:43.077777+02:00/lines-traces-uruguay.json"
"UZB","export-batch-2020-04-04T00:33:43.077777+02:00/lines-traces-uzbekistan.json"
"VEN","export-batch-2020-04-04T00:33:43.077777+02:00/lines-traces-venezuela.json"
"VNM","export-batch-2020-04-04T00:33:43.077777+02:00/lines-traces-vietnam.json"
"ZMB","export-batch-2020-04-04T00:33:43.077777+02:00/lines-traces-zambia.json"
"ZWE","export-batch-2020-04-04T00:33:43.077777+02:00/lines-traces-zimbabwe.json"
